{
  "weth": {
    "2024-6-12": 3492.456642,
    "2024-6-13": 3576.698035,
    "2024-6-14": 3467.313929,
    "2024-6-15": 3479.703599,
    "2024-6-16": 3566.688827,
    "2024-6-17": 3617.904345,
    "2024-6-18": 3510.312338,
    "2024-6-19": 3478.407624,
    "2024-6-20": 3559.171935,
    "2024-6-21": 3512.28846,
    "2024-6-22": 3517.2579,
    "2024-6-23": 3495.14015,
    "2024-6-24": 3417.5406,
    "2024-6-25": 3356.764269,
    "2024-6-26": 3394.861167,
    "2024-6-27": 3359.474894,
    "2024-6-28": 3443.476298,
    "2024-6-29": 3373.520224,
    "2024-6-30": 3372.075053,
    "2024-7-1": 3437.514637,
    "2024-7-2": 3439.233693,
    "2024-7-3": 3418.485377,
    "2024-7-4": 3296.064018,
    "2024-7-5": 3072.777783,
    "2024-7-6": 2983.711009,
    "2024-7-7": 3067.007349,
    "2024-7-8": 2929.914831,
    "2024-7-9": 3018.870079,
    "2024-7-10": 3064.518741,
    "2024-7-11": 3100.63747,
    "2024-7-12": 3102.499361,
    "2024-7-13": 3131.351065,
    "2024-7-14": 3177.537936,
    "2024-7-15": 3254.047555,
    "2024-7-16": 3486.688306,
    "2024-7-17": 3449.930102,
    "2024-7-18": 3391.720766,
    "2024-7-19": 3430.143239,
    "2024-7-20": 3504.571295,
    "2024-7-21": 3520.327404,
    "2024-7-22": 3530.723047,
    "2024-7-23": 3444.4726,
    "2024-7-24": 3481.340191,
    "2024-7-25": 3334.62385,
    "2024-7-26": 3176.667467,
    "2024-7-27": 3279.264724,
    "2024-7-28": 3254.165431,
    "2024-7-29": 3272.864437,
    "2024-7-30": 3314.278045,
    "2024-7-31": 3276.902905,
    "2024-8-1": 3230.974728,
    "2024-8-2": 3203.341659,
    "2024-8-3": 2982.333438,
    "2024-8-4": 2906.647833,
    "2024-8-5": 2685.503256,
    "2024-8-6": 2414.641428,
    "2024-8-7": 2454.723719,
    "2024-8-8": 2341.920179,
    "2024-8-9": 2680.889956,
    "2024-8-10": 2596.797186,
    "2024-8-11": 2608.157218,
    "2024-8-12": 2558.704715,
    "2024-8-13": 2726.817749,
    "2024-8-14": 2701.569582,
    "2024-8-15": 2664.200121,
    "2024-8-16": 2570.931448,
    "2024-8-17": 2594.274756,
    "2024-8-18": 2612.612559,
    "2024-8-19": 2615.922369,
    "2024-8-20": 2640.280522,
    "2024-8-21": 2577.403358,
    "2024-8-22": 2629.575778,
    "2024-8-23": 2624.136428,
    "2024-8-24": 2763.103098,
    "2024-8-25": 2764.577225,
    "2024-8-26": 2746.974323,
    "2024-8-27": 2683.736002,
    "2024-8-28": 2457.580712,
    "2024-8-29": 2527.394015,
    "2024-8-30": 2527.216005,
    "2024-8-31": 2527.142113,
    "2024-9-1": 2513.57087,
    "2024-9-2": 2428.107928,
    "2024-9-3": 2536.298481,
    "2024-9-4": 2433.852882,
    "2024-9-5": 2447.712128,
    "2024-9-6": 2367.482324,
    "2024-9-7": 2222.967306,
    "2024-9-8": 2274.636615,
    "2024-9-9": 2297.262966,
    "2024-9-10": 2360.339372,
    "2024-9-11": 2389.073431,
    "2024-9-12": 2342.239772,
    "2024-9-13": 2360.474197,
    "2024-9-14": 2444.996845,
    "2024-9-15": 2418.079381,
    "2024-9-16": 2321.914588,
    "2024-9-17": 2381.019572
  }
}
